time,id,roadid,laneid,s,Junction
345.1323388963938,7828967384418246903,667,3,32.65708463191985,655
345.1471622418612,12495575570584318689,667,3,32.41942055821418,655
345.1621143249795,9271435702861839866,667,3,32.178744184970846,655
345.1764208422974,15580436282765332329,667,3,31.69080917835235,655
345.19226226676255,10396229716218159601,667,3,31.461716222763055,655
345.22018428426236,10405689133283386063,667,3,31.236053991317743,655
345.2343019777909,6137081239624262327,667,3,31.0051533460617,655
345.2493546837941,5057564596171867139,667,3,30.758272218704217,655
345.26350608374923,8257005572653618827,667,3,30.525570440292352,655
345.27848428394645,2293569908329275351,667,3,30.278638172149652,655
345.2939297026023,6191125337245682381,667,3,30.023348855972284,655
345.3113023946062,9596153962174144504,667,3,29.735415744781488,655
345.32744420226663,13441864641255141995,667,3,29.467192697525018,655
345.34322006162256,13733024849329651531,667,3,28.97404913902282,655
345.35702024400234,2169127470222562419,667,3,28.74101190567016,655
345.3862809734419,8032813003405560112,667,3,28.484055328369134,655
345.4012182643637,2702742627565324924,667,3,28.23312788009643,655
345.4166485099122,5193766564017386221,667,3,27.973366546630853,655
345.43287131469697,7296309194328361142,667,3,27.699659633636468,655
345.44695456977934,7275348331801298550,667,3,27.461577701568597,655
345.4631134746596,1827461945880808755,667,3,27.187833595275873,655
345.4777803244069,12122581937217828910,667,3,26.700223255157464,655
345.4918130552396,1235362563209532145,667,3,26.4651382446289,655
345.5196814937517,6452462766792927493,667,3,26.224989700317376,655
345.53419475164264,15079651019827855894,667,3,25.976815509796136,655
345.54848476778716,6538402685155427387,667,3,25.732012081146234,655
345.56345354393125,13734723849512933169,667,3,25.47509746551513,655
345.5781495748088,8003399731146636455,667,3,25.22239093780517,655
345.59301312547177,2278131804700558763,667,3,24.705828475952142,655
345.60810555145144,11523379849009488410,667,3,24.474173355102533,655
345.6362180430442,8976377993770231696,667,3,24.21930198669433,655
345.6518187588081,16364083544713010403,667,3,23.948562431335443,655
345.6664164243266,18074300342224566873,667,3,23.694764900207513,655
345.6812598416582,16379743394688789228,667,3,23.436222839355462,655
345.6960261845961,7516426286185688605,667,3,23.178555297851556,655
345.70984247978777,15990713740773504322,667,3,22.686105537414544,655
345.72417369578034,18304829609843540024,667,3,22.433048057556146,655
345.75410421099514,7716988515732374187,667,3,22.16058902740478,655
345.7701784176752,2834467489361782742,667,3,21.877562332153314,655
345.78589174803346,571181685017104019,667,3,21.60035781860351,655
345.80172433238477,3485257670505023380,667,3,21.320517349243158,655
345.81791542377323,6435293525223692890,667,3,21.03378372192382,655
345.8329984229058,7023770874057570037,667,3,20.76618175506591,655
345.85202259756625,9043378154254845914,667,3,20.42792491912841,655
345.86662201210856,5132374529766647720,667,3,20.16785411834716,655
345.88370168954134,11717191391445934508,667,3,19.86300258636474,655
345.89988168329,17709459268401561400,667,3,19.57364540100097,655
345.9158419780433,13200732687690629090,667,3,19.28767471313476,655
345.93076200131327,17897253709085761751,667,3,19.019861984252923,655
345.9452278772369,8178439403895598018,667,3,18.759753990173333,655
345.95984046626836,4725776365927691852,703,-1,19.14310476183889,655
345.97432726155967,18213436073094481019,703,-1,19.01990495622156,655
346.00299080461264,12308060879531853882,703,-1,18.999999999999982,655
346.01729472726583,3569327416984174575,703,-1,18.89307087659834,655
346.03166663460433,13028720755306057574,703,-1,18.7556486725807,655
346.04616936389357,14782039195192852002,703,-1,18.616755425930005,655
346.0631033750251,7780393349594055906,703,-1,18.454299718141538,655
346.0789772635326,3283982284417774573,703,-1,18.301776856183988,655
346.09673707094043,5843516094371822374,713,-1,10.674416542053224,655
346.11240494903177,3410128611327952288,713,-1,10.52933591604233,655
346.12701503839344,17162812928264008978,713,-1,10.268029302358629,655
346.1405447619036,11369861511075986210,713,-1,10.1224746927619,655
346.1561775850132,17148086006306422271,713,-1,10.000000000000004,655
346.1868347590789,1674354980226765633,713,-1,9.986889362335209,655
346.2011407148093,13787578696254215419,667,3,14.084839630126945,655
346.21743069402874,3828830328167443802,667,3,13.78256301879882,655
346.2328449189663,7873619858209880932,667,3,13.496020126342765,655
346.24665793403983,17005720220884536786,667,3,13.238833236694328,655
346.2604542914778,9098205444272174521,667,3,12.696547317504875,655
346.27571164630353,15994687798120453385,667,3,12.430733489990226,655
346.303882477805,12698118877259667528,667,3,12.169039535522453,655
346.31901430990547,12819806928126542066,667,3,11.88499336242675,655
346.33620495256037,579728789208744831,667,3,11.561692047119132,655
346.3507631691173,4864247615612050178,667,3,11.287436294555656,655
346.36642510909587,17179111112919655056,667,3,10.991873550415031,655
346.3812066866085,16535315766460647736,667,3,10.712458419799797,655
346.3951960010454,2568122963634411656,667,3,10.447598266601554,655
346.41035225149244,10910784277027194859,667,3,10.160168457031242,655
346.4267191356048,11984189670575727458,667,3,9.55652313232421,655
346.44209940638393,1504381235782204598,667,3,9.273978042602531,655
346.4569212505594,1349888923888573239,667,3,8.993241119384757,655
346.4858932867646,13754289296739935309,667,3,8.720360565185539,655
346.5005945097655,17161457093061477214,667,3,8.438757705688468,655
346.5155954938382,557848848560473266,667,3,8.150942611694328,655
346.5339009463787,7448921120297290,667,3,7.799048233032218,655
346.55177076905966,7633234546384650024,667,3,7.454853820800773,655
346.57051182724535,2354548108684716036,667,3,7.093148040771476,655
346.5860140249133,3907588911437353977,667,3,6.793415832519523,655
346.60171390883625,5603012013699379966,667,3,6.4893444061279215,655
346.61804368905723,4190949732562212657,667,3,6.172520446777336,655
346.63304190151393,6771880603564378296,667,3,5.881045150756828,655
346.64871097914875,2506722979438579217,667,3,5.57602005004882,655
346.66343727800995,8809963783716996009,667,3,5.288885879516593,655
346.68294491339475,12517309137440563209,667,3,4.907765197753898,655
346.70035854447633,4657892740716019994,667,3,4.566902923583976,655
346.7167713372037,16466767508108288119,667,3,4.245055007934562,655
346.7316380860284,3720065157014864080,667,3,3.953049468994133,655
346.74642396718264,11203035063047896306,667,3,3.6621692657470626,655
346.76200152002275,7147310063076699152,667,3,3.355210113525383,655
346.77638411335647,1213972321605304144,667,3,2.7625644683837813,655
346.7920044241473,10930578122593452183,667,3,2.485140609741203,655
346.8197951177135,5405387062973049998,667,3,2.211947250366203,655
346.8356405152008,3787111418518057042,667,3,1.8972576141357345,655
346.85024611931294,15088337835734849412,667,3,1.606734085083,655
346.8638427769765,12909898286402265834,667,3,1.3358829498290938,655
346.87840887065977,7006275331846699357,667,3,1.0452850341796798,655
346.89417304936796,2474577290593608738,667,3,0.7302673339843673,655
346.9099730262533,8594524729841873697,667,3,0.13861923217772665,655
349.22639154829085,13951073753480596201,588,3,25.67814256206152,576
349.252903573215,18443380257388385423,588,3,25.373796026706668,576
349.26785242184997,7652338325103349097,588,3,25.018361787795993,576
349.28200091887265,1059842003250584206,588,3,24.68167899131772,576
349.2958030998707,10779772814628494926,588,3,24.352976303100558,576
349.30963703710586,8459733663849887849,588,3,23.695440034866305,576
349.33633201476187,9507322168588313548,588,3,23.386270503997775,576
349.3503629816696,3708600751775195805,588,3,23.05107186317441,576
349.36492930632085,10506203375390244929,588,3,22.70280502319333,576
349.37804620340466,15037003424228050116,588,3,22.06240342140195,576
349.39168362133205,6089092498955511473,588,3,21.677517395019503,576
349.4199708830565,15615181253074264897,588,3,21.384223918914767,576
349.4335568714887,87522146120362283,588,3,21.05813072204587,576
349.4469497129321,11866475386051862389,588,3,20.73642204284665,576
349.4611140880734,4552943328713435869,588,3,20.049754600524874,576
349.4755084104836,12957054065318063478,588,3,19.721149902343722,576
349.4891594713554,10907175755669513063,588,3,19.305697898864718,576
349.52009464614093,18073610561473779175,588,3,18.975545864105197,576
349.5332517279312,7598407179999858698,588,3,18.658083419799777,576
349.5482569001615,13079658395305305300,588,3,18.29569576263425,576
349.56241816468537,5498721376160545514,588,3,17.63012550354001,576
349.57577877119184,1544469360954382524,588,3,17.32353256225583,576
349.6031330311671,1599372081562836152,588,3,16.967356185913058,576
349.61653085332364,4824802655132429821,588,3,16.64238594055173,576
349.63070143852383,8911062307786999452,588,3,16.29837081909177,576
349.6437776731327,11288512005920816599,588,3,15.63920352935788,576
349.67064034659415,10361776392971396009,588,3,15.3272394943237,576
349.68367690965533,7726414845672914380,588,3,15.009821395873994,576
349.69771301187575,8372507316731780777,588,3,14.66783187866208,576
349.7107270192355,7753679947586182535,588,3,14.019435386657685,576
349.7242965409532,4122530519391771807,588,3,13.638660888671845,576
349.739890050143,6237713414750206422,588,3,13.275903205871552,576
349.76837410684675,13044413319754623012,588,3,12.942287902832001,576
349.7815874814987,7588665656378295401,588,3,12.618903617858857,576
349.7982192635536,5795044006438795005,588,3,12.211501579284638,576
349.8114309627563,18231259115640781206,588,3,11.887621383666962,576
349.82726947776973,5406150223740409177,588,3,11.162992935180634,576
349.8409556178376,17531527771520660984,588,3,10.817468147277802,576
349.8708406230435,1650573049694143853,588,3,10.428335647582978,576
349.8850682321936,5532857303717237314,588,3,10.078172187805146,576
349.89980747457594,159408448343378487,588,3,9.715122680664033,576
349.91731854435056,11492094960218536192,588,3,9.283403854370087,576
349.93203749042004,8839929624180575964,588,3,8.92023323059079,576
349.9498665248975,15917759039550949639,588,3,8.479946594238251,576
349.9638189757243,17619533753272260596,588,3,8.135204772949189,576
349.9776934105903,15532845581616004303,588,3,7.475088577270478,576
350.00350751914084,1663465133203296005,588,3,7.153080444335908,576
350.0171508900821,727631357149422234,588,3,6.814951400756806,576
350.03255551028997,4053917038284609834,588,3,6.432844619750947,576
350.0471393223852,17908562263072864543,588,3,6.070805053710908,576
350.0605033803731,5473506131140389529,588,3,5.411327819824189,576
350.08688451536,4616610262040140776,588,3,5.082401733398408,576
350.10014490410686,7765482856915984810,588,3,4.752144317626923,576
350.1132736746222,13235382990473633085,588,3,4.4249539184570015,576
350.127512678504,3842164392018403727,588,3,3.7365212249755566,576
350.14086848683655,13848012021865822465,588,3,3.3609242248534863,576
350.1689373627305,7191988396748271586,588,3,3.035265426635713,576
350.1837622001767,5461565182073151316,588,3,2.664497833251924,576
350.196601908654,7670249163466088046,588,3,2.3431534576415722,576
350.20987949706614,16655349670536989784,588,3,1.7019390869140332,576
350.23726539872587,13825056949327466195,588,3,1.323563079833955,576
350.25101506058127,5749197748573896204,588,3,0.9782910156249707,576
350.2646171161905,16627923919735248727,588,3,0.6365074920654004,576
352.00072608236223,3222182335495092306,499,1,25.976509479962495,498
352.0139975408092,14019961344515978361,499,1,25.655033035360482,498
352.028187812306,15691485402426018091,499,1,24.986287309013512,498
352.0416303453967,10227934926836984939,499,1,24.657627893768456,498
352.07077847607434,11800548941874559212,499,1,24.28167386182418,498
352.0831786142662,10679049021033706042,510,1,23.905382922787382,498
352.096498333849,18288892624944872913,510,1,23.29796915401907,498
352.1083315126598,1950778654199098782,510,1,22.93034963955374,498
352.13693772722036,5192228263981760304,510,1,22.607119611401274,498
352.1496703037992,14809004824380550198,510,1,22.30023889889212,498
352.165201802738,14241589928655579485,510,1,21.926600268978788,498
352.1774392109364,4425588452678551575,510,1,21.306407741207792,498
352.1910439655185,11611186228347653912,510,1,21.02223759045097,498
352.2162953354418,16434117014913227487,510,1,20.875535539288254,498
352.22906758636236,16022349853630135955,510,1,20.259072712559433,498
352.2539825560525,3749846133552050017,510,1,20.022237590450974,498
352.26832337956876,16357440266547265867,510,1,19.813801235456204,498
352.28214338142425,18167284257139625084,510,1,19.48624383558724,498
352.294880121015,6044329975745461816,499,1,18.57201213964098,498
352.32041508797556,15262545561800142950,499,1,18.260384036384753,498
352.33314176183194,14725877802322627679,499,1,17.96932089158171,498
352.34648135863245,15051562453347265426,499,1,17.363596750580008,498
352.35920644924045,5686091015254320720,499,1,17.066775193594633,498
352.38539918884635,10674999406503382207,499,1,16.77587984331721,498
352.3994831275195,17363904202130270330,499,1,16.45335645803088,498
352.4113031644374,14264986774112260255,499,1,15.918225346289814,498
352.43646128475666,8643661544474347858,499,1,15.643348647438229,498
352.44933478254825,637657128972095110,499,1,15.35371412166232,498
352.4635049989447,2397620027415838203,499,1,15.080120409064236,498
352.476343116723,7440896600680957607,499,1,14.511827899299803,498
352.5039561530575,6755749411553763938,499,1,14.187714172683897,498
352.5167520362884,5991222099579554474,499,1,13.972410513244812,498
352.5308920107782,4449279886125177510,499,1,13.667304052196686,498
352.5443940619007,13952330379577369176,499,1,13.119366778217499,498
352.5563242379576,6857690140948663194,499,1,12.880386023007578,498
352.58627142291516,9803522599983083667,499,1,12.552774978958315,498
352.5998511230573,6878852081991217326,499,1,12.260572446666902,498
352.6124549424276,13686765752856253552,499,1,11.611141903482624,498
352.6250617932528,1968645720293109786,499,1,11.325773967586704,498
352.6511162696406,3460111894975514964,499,1,10.925880951963613,498
352.66480446700007,5417974759610099817,499,1,10.62281976469631,498
352.67710793484,15278157281549086449,499,1,9.912576807819557,498
352.69113846868277,11161921951487571205,551,1,10.149140952852454,498
352.71799515746534,17114871186831853985,551,1,9.91293685021707,498
352.73087906930596,9280241841521731658,551,1,9.678640081313338,498
352.74435265827924,4490579960023165691,551,1,9.040360673096863,498
352.7692954335362,17228979830260092246,551,1,8.797193183329789,498
352.7824517879635,5896885742566074103,551,1,8.541779233840195,498
352.79583087563515,6944232958068720267,551,1,7.802156700518816,498
352.8090184973553,4224869039860667760,551,1,7.305277353850098,498
352.83451332431287,11336672736728858478,551,1,7.036088867810459,498
352.84750445652753,17237049854363612183,551,1,6.759660615351887,498
352.86197683773935,18126788547434405076,551,1,6.188059984472487,498
352.8763103717938,199485825469997364,551,1,5.591646506217215,498
352.9032901758328,6632039518724733373,551,1,5.000004394677376,498
352.9153032703325,7408678655316957790,551,1,4.732510163214897,498
352.9308063397184,2925094069427025381,551,1,4.096655322936273,498
352.94666740950197,4359703408924337845,551,1,3.7408878940613044,498
352.9597744066268,11701549223526433215,551,1,2.902681751874188,498
352.9847594508901,5884230226181885748,499,1,2.570065332733354,498
352.99891559779644,16533099882215588297,499,1,2.2539523375856487,498
353.0125864278525,15478704304671619913,499,1,1.6586697829591839,498
353.0256237294525,5593818553726574086,499,1,1.372846914612016,498
353.05127690546215,17704771776331515547,499,1,1.0882287753450481,498
353.06425542384386,4600198739674543104,499,1,0.8001151812898724,498
353.07614105474204,979259243737708270,499,1,0.232799602829179,498
364.4657803000882,5573407667889556967,1165,-2,0.2107182443142137,1135
364.4821180133149,7652846623326780709,1165,-2,0.5663297772407732,1135
364.49601716641337,13066951714017143229,1165,-2,0.8689424991607866,1135
364.5106119774282,14674286172424074730,1165,-2,1.519760251045247,1135
364.52589728776366,14577443337897599258,1165,-2,1.826002836227437,1135
364.554557855241,7159466320114634814,1165,-2,2.144347906112691,1135
364.569103452377,1660881999634881991,1165,-2,2.461460828781148,1135
364.5842082584277,5427806972933106311,1165,-2,2.79085373878481,1135
364.5978693580255,8677394170411368428,1165,-2,3.0888404846191606,1135
364.61595643218607,1383580179511758207,1165,-2,3.483494281768819,1135
364.6290343767032,4415578926903799847,1165,-2,3.7689239978790483,1135
364.6439079577103,4821701725092278536,1165,-2,4.408304214477559,1135
364.65831824112684,1158879154321586655,1165,-2,4.72098684310915,1135
364.6864571068436,14070095942112930706,1165,-2,5.023005962371846,1135
364.7027673535049,7690078686298810553,1165,-2,5.379455089569111,1135
364.7187455929816,8559484395902888079,1165,-2,5.72875165939333,1135
364.7338736951351,7581958362893384079,1165,-2,6.059555053710957,1135
364.747698941268,13957192567412676512,1165,-2,6.361945629119893,1135
364.7618162073195,14282071031790549676,1165,-2,6.6708021163940625,1135
364.7770545212552,11736691720827144210,1165,-2,7.300738334655781,1135
364.8045681482181,9942433882182666187,1165,-2,7.606611728668232,1135
364.8211046559736,12186752233930155990,1165,-2,7.968781948089619,1135
364.83596941363066,8245590900654141260,1165,-2,8.294427871704121,1135
364.8498069513589,6077811861054653445,1165,-2,8.597647666931172,1135
364.86350566800684,10817018273810040314,1165,-2,8.897899627685566,1135
364.87742922175676,10649840719341308690,1165,-2,9.517213821411152,1135
364.89175050053746,10893467917231969995,1165,-2,9.823387145996113,1135
364.9200911875814,15430475633899417898,1165,-2,10.138944625854512,1135
364.9337130934,8364515570071522366,1165,-2,10.437891006469746,1135
364.9473430849612,18313569029626045469,1165,-2,10.737086296081563,1135
364.9615447893739,2654662383555921170,1165,-2,11.338400840759297,1135
364.97472610883415,4175652061253814513,1165,-2,11.636439323425313,1135
365.0030189510435,291062849087581356,1165,-2,11.960006713867207,1135
365.0175933400169,3770957313454058457,1165,-2,12.28033447265627,1135
365.03111825697124,16654199095004236586,1165,-2,12.57767105102541,1135
365.0437975693494,1597988455714259266,1165,-2,13.159892082214375,1135
365.0702838432044,9984316733812127754,1165,-2,13.439099311828633,1135
365.086181236431,17240757880170849953,1165,-2,13.788929939270039,1135
365.1020533349365,4117049814172474479,1165,-2,14.13830566406252,1135
365.1164578087628,18444045271016803677,1156,-1,17.51030015945433,1135
365.1323384158313,3386627855825061599,1156,-1,17.682037532329545,1135
365.14923414960504,9857746553389959792,1165,-2,15.177425384521504,1135
365.16290645860136,1473660631787158263,1165,-2,15.478704452514668,1135
365.17697450332344,8941031499846577357,1165,-2,16.090274810791033,1135
365.2039437144995,628702124240285017,1165,-2,16.383434295654315,1135
365.217914102599,1901064313384383795,1165,-2,16.691581726074237,1135
365.2315850481391,9446846427948603410,1165,-2,16.99320030212404,1135
365.24491831101477,11543852920336102037,1165,-2,17.59583282470705,1135
365.25888991355896,14581171092747657392,1165,-2,17.88914871215822,1135
365.286320367828,4166755925576442392,1165,-2,18.20153236389162,1135
365.3001193655655,644627254276487356,1165,-2,18.506343841552752,1135
365.3138373848051,6439984700263126342,1165,-2,19.081787109375018,1135
365.3261611806229,11457861032440682533,1165,-2,19.383663177490252,1135
365.3535667285323,958182412875427785,1165,-2,19.687652587890643,1135
365.3675405466929,9934702342653253539,1165,-2,19.996688842773455,1135
365.3805993795395,16497873984718149679,1165,-2,20.28555870056154,1135
365.393967602402,10450629793357091127,1165,-2,20.88779258728029,1135
365.40781477093697,17588706625819134017,1165,-2,21.205427169799822,1135
365.4221637090668,2606578688495640515,1165,-2,21.560991287231463,1135
365.45265028905123,3264043773630129982,1165,-2,21.8805618286133,1135
365.4676975859329,7852763277447709566,1165,-2,22.213920593261737,1135
365.4816318731755,6002766164524096875,1165,-2,22.522697448730487,1135
365.49765528924763,4371391995453225029,1165,-2,22.877866744995135,1135
365.5150349382311,2443658545386514344,1165,-2,23.263208389282244,1135
365.52910662069917,15290997156263428935,1165,-2,23.89334487915041,1135
365.5434443419799,13693512192195348209,1146,1,17.444730500994034,1135
365.5693202614784,17769325063401469966,1146,1,17.314262072859115,1135
365.58430924173445,11285529961039020753,1146,1,16.911916631577323,1135
365.59729369636625,3710224120215898046,1165,-2,25.08860397338869,1135
365.61033066455275,12569963329565816233,1165,-2,25.70303916931154,1135
365.624955939129,4978783482122262296,1165,-2,26.00746917724611,1135
365.65220473054796,1921816877179811703,1165,-2,26.308578491210955,1135
365.66569904144853,12095432964566970414,1165,-2,26.60856246948244,1135
365.6798928072676,15141103885409771075,1165,-2,27.217582702636737,1135
365.6930851014331,1464396469859208930,1165,-2,27.58297538757326,1135
365.70950978342444,1464396469859208930,1165,-2,27.58297538757326,1135
365.7268807673827,6629226153723505178,1165,-2,28.24983787536623,1135
365.73947334103286,13367954258154972940,1165,-2,28.634513854980487,1135
365.7708914913237,6085449159289657152,1165,-2,28.949434280395526,1135
365.7850992176682,10304316947261077091,1165,-2,29.26592445373537,1135
365.7984448540956,7746123333609700819,1165,-2,29.56328201293947,1135
365.81528003513813,7552772432511652465,1165,-2,29.938488006591815,1135
365.83225249685347,15850567616142715533,1165,-2,30.31686973571779,1135
365.8460817411542,11275660695491307640,1165,-2,30.934555053710955,1135
365.8599490309134,10876724357621564600,1165,-2,31.26097488403322,1135
365.8745802761987,10066106089009528449,1165,-2,31.62228775024416,1135
365.8907710472122,6115389031452516702,1142,1,6.506770635826507,1135
365.9073895094916,2404795389499284295,1142,1,6.165100271685043,1135
365.9226917512715,1150415041678207228,1142,1,5.777049238665024,1135
365.9400662202388,5887440080223312616,1142,1,5.442158634645859,1135
365.9692249521613,5482361680089848137,1142,1,5.125551755411545,1135
365.9827974271029,8912695202530803615,1142,1,4.822192127687851,1135
365.99613105133176,9917809310789346856,1142,1,4.524102385027328,1135
366.01039195246994,684663037553245965,1142,1,3.8896412205528414,1135
366.03788815811276,11404512872834237168,1142,1,3.5901321720909274,1135
366.051335522905,1117701494366058466,1142,1,3.289221222383896,1135
366.0667547779158,8759951105424725686,1142,1,2.944095308763901,1135
366.07937064487487,5484698355565893304,1142,1,2.6616563153099215,1135
366.09364004805684,6707427548992866418,1142,1,2.342121536714951,1135
366.1106810737401,8802891556640333616,1142,1,1.673273022158066,1135
366.12349753268063,15344856783004107304,1142,1,1.3276161503624118,1135
366.15377796441317,2301380376670500375,1142,1,0.9946083378624118,1135
366.1679216111079,9336178859480395999,1142,1,0.6774935078453219,1135
366.1849808031693,10954562117130735075,1142,1,0.2949046444725192,1135
367.11372913233936,17790425150156127088,1425,-2,0.02709491923453422,1352
367.12737869657576,13160544415716036295,1425,-2,0.6192627549171648,1352
367.1397269712761,707981587318203568,1425,-2,1.0344414710998735,1352
367.1714456221089,10367970848179033503,1425,-2,1.3420751094818315,1352
367.1863634577021,2911822935418332819,1425,-2,1.6821520328521928,1352
367.19841603934765,792441567320261658,1425,-2,1.9569679498672685,1352
367.21201475150883,1352302995044489658,1425,-2,2.593900442123433,1352
367.226340980269,2333511227663158262,1425,-2,2.93733549118044,1352
367.2413932783529,6603641933627826505,1425,-2,3.263425588607808,1352
367.26877228636295,5916031475319330508,1425,-2,3.562230110168477,1352
367.28218849841505,2400496657011003310,1425,-2,3.868536949157735,1352
367.2991029350087,2045968543028518004,1425,-2,4.254809379577656,1352
367.31275830231607,1328093466843145481,1425,-2,4.884741306304951,1352
367.3266771165654,6645552116102871059,1425,-2,5.179539680480977,1352
367.35385255143046,12048903362600797228,1425,-2,5.505832195282002,1352
367.366358185187,14600547978867799936,1425,-2,5.791733264923115,1352
367.3787782266736,18061064240320614585,1425,-2,6.3789038658142285,1352
367.40477614384145,989764372368440612,1425,-2,6.67038345336916,1352
367.41888126917183,6844453654670043326,1425,-2,6.993112087249775,1352
367.4346067085862,10505921588383491914,1425,-2,7.353004455566426,1352
367.448216509074,17841936636459052950,1425,-2,7.6645460128784375,1352
367.4620113372803,8428338412548800054,1425,-2,8.256454467773457,1352
367.474064973183,13847015591292967456,1425,-2,8.601018905639668,1352
367.50421964842826,1991826915214732386,1425,-2,8.947316169738789,1352
367.5182977952063,1865364061869902676,1425,-2,9.269988059997578,1352
367.5311796274036,16915312935844980298,1425,-2,9.565305709838887,1352
367.5436024386436,18442440906990085026,1425,-2,10.13997745513918,1352
367.5691824182868,15350954450218771590,1425,-2,10.436900138855,1352
367.5826287921518,17439305637994917800,1425,-2,10.745416641235371,1352
367.59473356883973,9535679824342991450,1425,-2,11.336959838867207,1352
367.620897565037,6726811451347763632,1425,-2,11.62375545501711,1352
367.6338066011667,8530267101520611495,1425,-2,11.920133590698262,1352
367.64684468042105,2619061124319065233,1425,-2,12.219522476196309,1352
367.659583077766,484172845481076673,1425,-2,12.812849044799824,1352
367.68607404548675,9023262949675415771,1425,-2,13.120635032653828,1352
367.6980793150142,8176633541677090461,1425,-2,13.396498680114766,1352
367.711087805219,14095515673876798216,1425,-2,13.988007545471211,1352
367.7365615349263,16906157017054113689,1425,-2,14.281070709228535,1352
367.7489595618099,8760447276482345879,1425,-2,14.566163063049336,1352
367.76184596307576,16001230752379421200,1425,-2,14.862537384033223,1352
367.7768700392917,14768902471726777692,1425,-2,15.481956481933613,1352
367.80368081945926,2573712737607853093,1425,-2,15.825102806091328,1352
367.81767523195595,16316239098821195571,1425,-2,16.147220611572283,1352
367.8330023018643,5867632168132016863,1425,-2,16.50009727478029,1352
367.8468743460253,14283568884726778703,1425,-2,17.095773696899432,1352
367.8588682152331,15894234823613337758,1425,-2,17.3964252471924,1352
367.8844956215471,13444420703744835257,1425,-2,17.686201095581072,1352
367.89817514736205,13474318124316488085,1382,1,20.33059150240731,1352
367.91031978372484,10018022221111415224,1382,1,20.566583338001486,1352
367.9358665123582,2231461853900365696,1354,1,19.624624093050382,1352
367.9481494575739,8946488987120714435,1354,1,19.75432612466278,1352
367.96204771101475,3531615609699451335,1425,-2,19.75856018066408,1352
367.9874092321843,5076943804640020854,1425,-2,20.05940818786623,1352
368.00070148985833,11289267577517749400,1425,-2,20.366182327270526,1352
368.0130847096443,12433501056407600485,1425,-2,20.928527832031268,1352
368.02505977172405,409716118781964581,1425,-2,21.256731033325213,1352
368.05191086325794,1397167311584674111,1425,-2,21.548650741577166,1352
368.0645928932354,12138865604737938031,1425,-2,21.841619491577166,1352
368.0768575957045,4959162275174156347,1425,-2,22.420602798461932,1352
368.1028707427904,17959445348441803241,1425,-2,22.726226806640643,1352
368.1149053219706,12363962661214196919,1425,-2,23.004451751709002,1352
368.1290484573692,13145572658935828604,1425,-2,23.60507774353029,1352
368.14087858516723,1230028463976467516,1425,-2,23.936134338378924,1352
368.16813709866256,2452121326028689940,1425,-2,24.23567199707033,1352
368.1815593810752,5606490768116502865,1425,-2,24.546276092529315,1352
368.19393877964467,3148687003776054041,1425,-2,25.143680572509783,1352
368.2206370960921,11736908105250839126,1425,-2,25.450904846191424,1352
368.2333076875657,4521234057016238520,1425,-2,25.744337081909197,1352
368.2456562165171,265041589167721490,1425,-2,26.03035545349123,1352
368.26016695797443,18339146994842350048,1425,-2,26.66835021972658,1352
368.28592542465776,3466502544328210448,1425,-2,26.9634418487549,1352
368.2988300425932,12411733646119820776,1425,-2,27.262565612792987,1352
368.3104066075757,1181076544325564335,1425,-2,27.828754425048846,1352
368.33609488699585,257456548420038023,1425,-2,28.12667655944826,1352
368.3506148578599,7389143767152065294,1363,1,10.349063905040769,1352
368.36296066921204,11956952317822988455,1363,1,9.58301726178363,1352
368.37613832205534,5546774847664042616,1363,1,9.290137680332213,1352
368.4033557539806,5823055926555972537,1363,1,8.951009364883452,1352
368.41721758432686,9758563644222036876,1363,1,8.629001351158172,1352
368.42909694556147,16446408303857177965,1363,1,8.07128903464511,1352
368.44121934939176,8043292173843959537,1363,1,7.686794253150969,1352
368.4704964328557,9035680911108133183,1363,1,7.390839787284881,1352
368.482865806669,7754934463582311184,1363,1,7.103330822746306,1352
368.49541964381933,14263399049809234916,1363,1,6.500045986930877,1352
368.521749866195,4081932592439224956,1363,1,6.199281187812835,1352
368.5363329872489,2329364929219534656,1363,1,5.860096426765471,1352
368.54832998663187,7029662000232749767,1363,1,5.581005068580657,1352
368.5616973442957,2320424404999812502,1363,1,4.926522703926116,1352
368.5764544121921,13284650993090979205,1363,1,4.643670054237395,1352
368.6012607580051,15751292184792310296,1363,1,4.348929854194671,1352
368.6137797618285,7798953302623674990,1363,1,3.784537764350921,1352
368.62549337092787,3343671712039530966,1363,1,3.471415968696624,1352
368.6533364467323,10328109096975288519,1363,1,3.1359634120865167,1352
368.66648568212986,17803512547140415023,1363,1,2.82961651877597,1352
368.67906049918383,16931861616531406193,1363,1,2.2258114536209406,1352
368.69239625614136,1577360677346781880,1363,1,1.943135233680755,1352
368.7177675906569,17132333107388987121,1363,1,1.6343774516983332,1352
368.73303269874305,6863386690491457588,1425,-2,37.360462188720724,1352
368.74585882853717,6676456818813723257,1425,-2,37.93796157836916,1352
368.77106209192425,9037765867852890550,1425,-2,38.24760437011721,1352
368.78374265599996,7427534778075318246,1425,-2,38.54350280761721,1352
384.9827458448708,15863829406734724650,100,-2,0.025657381862421946,82
384.9974163491279,6087484087363417901,100,-2,0.2671421766281328,82
385.011616429314,9136841714563330574,100,-2,0.7390452623367509,82
385.0260925190523,12113651138226956465,100,-2,1.0123311281204423,82
385.04270407091826,9755179116428565887,100,-2,1.2731496095657548,82
385.0585608361289,7128816374632925969,100,-2,1.526790976524373,82
385.08773530833423,5749801385217378102,100,-2,1.7528929710388383,82
385.1045645121485,4928250319531341953,100,-2,2.0295512676239214,82
385.1193755334243,7473256648706611733,100,-2,2.272987127304097,82
385.1345959128812,16119009356589103693,100,-2,2.5231053829193315,82
385.1518590422347,17598672952477142464,100,-2,2.8067338466644487,82
385.1671473523602,13360133459916803924,100,-2,3.057870626449605,82
385.181459649466,3626705296004052717,100,-2,3.292933464050313,82
385.198965719901,12053206413948779743,100,-2,3.5803887844085893,82
385.2127453563735,627336082921310576,100,-2,3.806617498397847,82
385.22890291083604,4631154032013602595,100,-2,4.07183551788332,82
385.24435543082654,17233904691260476,100,-2,4.559562683105488,82
385.2586241727695,14749098210735106182,100,-2,4.8033375740051465,82
385.28805605880916,5336953827557157737,100,-2,5.042371273040791,82
385.30228997021914,8185657813469408712,100,-2,5.275806903839131,82
385.31634285114706,13360841199438455494,100,-2,5.506235122680684,82
385.3322802837938,22432249015003410,100,-2,5.767515182495137,82
385.34686557389796,1537539615143619946,100,-2,6.0065870285034375,82
385.36371104605496,4965470922864170583,100,-2,6.2826538085937695,82
385.377235673368,13408724934562862407,100,-2,6.764539241790791,82
385.3931231368333,7217991523297223908,100,-2,6.992086887359639,82
385.40701488405466,728889523036345043,100,-2,7.2397060394287305,82
385.4365054387599,15853651736251275051,100,-2,7.475031375885029,82
385.4515086170286,3708591631539014086,100,-2,7.72067117691042,82
385.46791048161685,13831236475043740697,100,-2,7.989166736602803,82
385.4830966312438,15454567934784162571,100,-2,8.237725257873555,82
385.4982103211805,6838073657057548285,100,-2,8.485061645507832,82
385.512828967534,8196736806254603586,100,-2,8.956325531005879,82
385.52701282594353,2513867967019766745,100,-2,9.176435470581074,82
385.5404681144282,15717673398844683230,100,-2,9.481141090393086,82
385.55909740459174,11561261525144464179,100,-2,9.719799995422383,82
385.57369060255587,11289805535121548233,100,-2,9.988665580749531,82
385.6041948692873,7315311916483338711,100,-2,10.218573570251484,82
385.61800915934145,12708373981507899550,100,-2,10.444406509399434,82
385.6329597895965,6465013898715013527,100,-2,10.688787460327168,82
385.6471886476502,15353352570924508457,100,-2,10.921343803405781,82
385.6617623185739,18151522552191266885,100,-2,11.379017829895039,82
385.6751964734867,13098536681102504137,100,-2,11.619919776916523,82
385.70478617493063,2568798509081006702,100,-2,11.862431526184102,82
385.7202750649303,766308296552269755,100,-2,12.11542797088625,82
385.7348712021485,794844086492845405,100,-2,12.353816032409688,82
385.7506744572893,17039534897988105339,100,-2,12.6118850708008,82
385.7643094044179,13984946737865343413,100,-2,12.83452033996584,82
385.7777625378221,6143077064350149282,100,-2,13.292592048645039,82
385.7923681261018,17300487752901524070,100,-2,13.530776977539082,82
385.8069602372125,5763173506908479556,100,-2,13.794650077819844,82
385.8376757008955,9618560607687664152,100,-2,14.032044410705586,82
385.8527467744425,17805017371282321916,89,-1,17.550166010856614,82
385.86773957591504,14665750822431881991,100,-2,14.522562980651875,82
385.88288961164653,3046459994610654620,100,-2,14.769701957702656,82
385.8974247481674,1221347240652134256,100,-2,15.006786346435566,82
385.9119800524786,15365806672255308771,100,-2,15.244170188903828,82
385.9275488862768,14024371383615879756,100,-2,15.729535102844258,82
385.9417454795912,12648080760001110012,100,-2,15.957414627075215,82
385.9695559479296,1168814691450649192,100,-2,16.18291664123537,82
385.984029147774,2404414493039631114,100,-2,16.418828964233416,82
385.99851231556386,17994088522443573916,100,-2,16.654876708984393,82
386.0135421734303,6412141567589621602,100,-2,16.899806976318377,82
386.02906588930637,17186129164626555470,100,-2,17.152755737304705,82
386.04459809791297,13162240042588859247,100,-2,17.648794174194354,82
386.0595139702782,8666276708713644514,100,-2,17.886093139648455,82
386.08727281726897,1734669690623685674,100,-2,18.100921630859393,82
386.08727281726897,2720409124976240141,100,-2,18.401214599609393,82
386.12078832276165,11047564426272283843,100,-2,18.646667480468768,82
386.1368338279426,2358998766209624033,100,-2,18.90789222717287,82
386.1516845021397,12663441228922243509,100,-2,19.149627685546893,82
386.17043114081025,9502436224049267113,100,-2,19.454736709594744,82
386.18664158694446,6762189675819408313,100,-2,19.71852874755861,82
386.20243032462895,7485184311624766503,100,-2,19.97541809082033,82
386.2164093628526,14805044928900597618,100,-2,20.202836990356463,82
386.2307315636426,16129395345183540164,100,-2,20.43580627441408,82
386.24458930268884,9843040788911886550,100,-2,20.895978927612322,82
386.2590269520879,4919118386786556900,100,-2,21.12111663818361,82
386.28786730766296,8997176726299740238,100,-2,21.36489105224611,82
386.30166502669454,10010231435071042783,100,-2,21.589181900024432,82
386.31546600162983,8423314568533885421,100,-2,21.813501358032244,82
386.3313143886626,18141065267556577946,100,-2,22.071054458618182,82
386.34610054828227,4725605111811853623,100,-2,22.54531097412111,82
386.36050307005644,15641224319037917615,100,-2,22.778198242187518,82
386.38879774697125,4269044061070141629,100,-2,23.004922866821307,82
386.40390271134675,8599870744691269112,100,-2,23.25023269653322,82
386.4179782513529,11479080187745910342,100,-2,23.478792190551776,82
386.431896103546,3094759752018433431,100,-2,23.704763412475604,82
386.44651591032743,9388165793212392644,100,-2,24.163166046142596,82
386.4601353025064,13083448349377252457,100,-2,24.405212402343768,82
386.4750492107123,12701046849101068499,100,-2,24.648817062377947,82
386.5045441798866,9532741091786839554,100,-2,24.88380432128908,82
386.5181185025722,6238962075125915417,100,-2,25.104021072387713,82
386.53265674132854,13104276903518318984,100,-2,25.339843750000018,82
386.54655167181045,7352442101561381312,100,-2,25.565204620361346,82
386.56109637208283,6857165880285344607,100,-2,26.01612091064455,82
386.57435926795006,13713266388144491646,100,-2,26.251089096069354,82
386.60377317108214,6875992663722924264,100,-2,26.49296188354494,82
386.61864663288,2527547189650627154,100,-2,26.73402976989748,82
386.6365071795881,2381956841184914168,100,-2,27.023464202880877,82
386.6526925340295,4988770303217283232,100,-2,27.285718917846697,82
386.6683548055589,16169074596417612399,100,-2,27.539455413818377,82
386.682379828766,12666035961781750052,100,-2,27.76663780212404,82
386.6984771024436,7111089372284101157,100,-2,28.027353286743182,82
386.7132885698229,16959499160541939599,100,-2,28.267208099365252,82
386.72799773328006,10235515220455867605,100,-2,28.72367477416994,82
386.74148103781044,5085685841482415604,100,-2,28.957315444946307,82
386.7701444635168,13176908153401263916,100,-2,29.18765640258791,82
386.7832147302106,16292374047412066657,100,-2,29.399187088012713,82
386.8020834522322,153628790701520995,100,-2,29.704526901245135,82
386.8160064406693,15055142793224325297,100,-2,29.929805755615252,82
386.8323297742754,14801640094544058649,100,-2,30.193887710571307,82
386.84481215663254,7230414345215946173,100,-2,30.639274597167987,82
386.8598639089614,10162730007383202524,100,-2,30.874511718750018,82
386.87440886348486,9296817249529784134,100,-2,31.114017486572283,82
386.903287505731,6724264647149662367,100,-2,31.3414993286133,82
386.9181609209627,6813942363422360505,100,-2,31.581979751586932,82
386.93208147305995,4454994667694328310,100,-2,31.807033538818377,82
386.9466604311019,648663914759315098,100,-2,32.2532539367676,82
386.95968605112284,17584428006619275531,100,-2,32.51029205322268,82
386.9755892707035,4240769807173323038,100,-2,32.73452377319338,82
386.98946391697973,10376298549662908865,100,-2,33.00429916381838,82
387.0061581460759,16201366564362554295,100,-2,33.29104232788088,82
387.03818573243916,13175429123251092015,100,-2,33.521785736084006,82
387.0550765823573,13168463988590779006,100,-2,33.79465866088869,82
387.06923195999116,7836165809140777910,100,-2,34.02332687377932,82
387.083006429486,16829833501845919172,100,-2,34.24581527709963,82
387.1008688835427,3735174152953517763,100,-2,34.53432083129885,82
387.116114532575,8272044828635151166,100,-2,34.780532836914084,82
387.13013556972146,3566750611589779532,100,-2,35.00695037841799,82
387.1467332299799,2085923979714807882,100,-2,35.49394226074221,82
387.16029657796025,6588103927742780760,100,-2,35.71617126464846,82
387.18778211437166,4549856131908611007,100,-2,35.937671661376974,82
387.2028851304203,3813511736747668739,100,-2,36.18146896362307,82
387.2185096889734,622682822176531103,100,-2,36.43366622924807,82
387.23088567331433,15128842106369836622,100,-2,36.63340759277346,82
387.244643076323,2012074552171844052,100,-2,37.089797973632834,82
387.25916604790837,13649155385303775687,100,-2,37.35885238647463,82
388.07690188102424,3985777941488709339,1959,-2,0.20251087844373794,1932
388.0915345810354,11944180419273278128,1959,-2,0.4619321823120317,1932
388.10775342583656,18434489594983283446,1959,-2,0.727113664150258,1932
388.1243370901793,14675334464692816043,1959,-2,0.9874541759491167,1932
388.15549474954605,7889562153586021469,1959,-2,1.225131630897542,1932
388.1704547936097,2149940176598396904,1959,-2,1.4641517400741777,1932
388.18382179457694,11562690926122311521,1959,-2,1.6776516437530717,1932
388.19669413380325,9685646763297739762,1959,-2,1.8831939697265825,1932
388.21117280237377,13485906360013332314,1959,-2,2.3244104385376176,1932
388.2385074980557,17039078817316147588,1959,-2,2.550391912460347,1932
388.25247806403786,3062533314148699218,1959,-2,2.773130416870137,1932
388.2665453571826,18020535966603770221,1959,-2,2.9973068237304887,1932
388.2826425675303,5757847301589298347,1959,-2,3.253683090209981,1932
388.29913431964815,441577695730139428,1959,-2,3.516173839569112,1932
388.312188077718,502716553909895599,1959,-2,3.9315714836120805,1932
388.3252576440573,502716553909895599,1959,-2,3.9315714836120805,1932
388.34387851879,13587275407190449516,1959,-2,4.4462676048279,1932
388.3707847185433,10673048410631364113,1959,-2,4.654108524322529,1932
388.3859052378684,16609566254423568154,1959,-2,4.8936414718628125,1932
388.4008806562051,17628336265389650985,1959,-2,5.130641460418721,1932
388.41449173819274,12805914006695015314,1959,-2,5.545244216918965,1932
388.42711592745036,3645342234141779074,1959,-2,5.760092258453389,1932
388.4550811620429,7565404575890396780,1959,-2,5.986280918121357,1932
388.4689941070974,773188102596945881,1959,-2,6.205335617065449,1932
388.4829826131463,10669407163670157638,1959,-2,6.425325393676777,1932
388.4958341829479,10927300761000300582,1959,-2,6.856842994689961,1932
388.5104692578316,3106760440989797333,1959,-2,7.062511444091816,1932
388.523593054153,3322295188888030380,1959,-2,7.342535018920918,1932
388.5414880970493,6916654363078128849,1959,-2,7.589458465576191,1932
388.5718233427033,8933711406839222399,1959,-2,7.816216945648213,1932
388.58528236858547,13467773796613478315,1959,-2,8.025959968566914,1932
388.59973425325006,10070547459769045724,1959,-2,8.25086784362795,1932
388.6147719556466,5393117587643191363,1959,-2,8.48454475402834,1932
388.6280076568946,12726160204338915107,1959,-2,8.913361549377461,1932
388.6555198682472,12103641102627185362,1959,-2,9.115998268127461,1932
388.6717432150617,2665811333175678580,1959,-2,9.366655349731465,1932
388.68484311085194,571803251144757229,1959,-2,9.568769454956074,1932
388.7004480017349,12641238302100638220,1959,-2,10.15099869668484,1932
388.7143009006977,9258648145678549013,1959,-2,10.364914387464525,1932
388.72851976100355,18249142699083876065,1959,-2,10.817702054977419,1932
388.7436830382794,11202759010102655669,1959,-2,11.057598233222963,1932
388.75928436405957,5893111605948099888,1959,-2,11.263142228126528,1932
388.78733424376696,10409721066166190245,1959,-2,11.48800563812256,1932
388.8008798044175,11634576725348293636,1959,-2,12.163260221481321,1932
388.8147445116192,14500421598704652028,1959,-2,12.375695765018461,1932
388.82938209734857,11536775341741741782,1959,-2,12.599691510200499,1932
388.8455572333187,7275581271880127674,1959,-2,13.069240570068358,1932
388.86012749932706,12048923913863844750,1959,-2,13.30796146392822,1932
388.888385145925,14561007273858704810,1959,-2,13.499647855758665,1932
388.90496076177806,14358262386830505921,1959,-2,14.221242249011988,1932
388.92047935165465,2344351293443643059,1959,-2,14.45702582597732,1932
388.93497483432293,9709401687176560269,1959,-2,14.677014827728266,1932
388.95273525081575,409789434486950360,1959,-2,14.946192622184748,1932
388.96961403638124,16919848351806698251,1959,-2,15.201655626296992,1932
388.9882781095803,13865558605755473619,1959,-2,15.483716249465937,1932
389.00369245931506,7946568551352616176,1959,-2,16.186250641942014,1932
389.0203456245363,9907426710719448129,1959,-2,16.437291383743275,1932
389.0352412480861,2027551592853373622,1959,-2,16.661599218845357,1932
389.0495880674571,15689136056278087086,1959,-2,16.87742120027541,1932
389.0677345301956,3606888969846155995,1959,-2,17.15007495880126,1932
389.0839954316616,11018767638515981999,1959,-2,17.394105792045583,1932
389.0991617375985,2018634597816217578,1959,-2,18.090453378856164,1932
389.11433913372457,18424311850051636831,1959,-2,18.317548960447294,1932
389.128729397431,8990461106456389812,1959,-2,18.741588532924634,1932
389.14271411672235,3757873928376698445,1959,-2,18.94489210844038,1932
389.1699391659349,5807178443180879304,1959,-2,19.14781665802,1932
389.18576203659177,3352822822858919098,1959,-2,19.383593797683698,1932
389.20362877100706,11316579705957034574,1959,-2,20.116332098841642,1932
389.21882729791105,14176706423269009603,1959,-2,20.34201848506925,1932
389.2340332986787,1392818109490330067,1959,-2,20.567670226097082,1932
389.2488147271797,16274256881440333248,1959,-2,20.786891460418676,1932
389.2625507451594,18090376891081903450,1959,-2,20.990472614765142,1932
389.2778995372355,3076573596021907663,1959,-2,21.440387964248632,1932
389.29293780587614,5223242370417988669,1959,-2,22.12666858732697,1932
389.30799542553723,15483292917148974521,1959,-2,22.341534137725798,1932
389.3225619010627,9403504040965127316,1959,-2,22.587618708610503,1932
389.355073209852,5941806296314958221,1959,-2,22.820777297019927,1932
389.37092412263155,4020764033612925532,1959,-2,23.054279923438994,1932
389.3859908785671,2071079298617711219,1959,-2,23.276120781898467,1932
389.40043887495995,8021725621767543166,1959,-2,23.488753914833037,1932
389.41457632929087,2652075546462882784,1959,-2,24.156215012073478,1932
389.42904972005635,13216984901083622123,1959,-2,24.368525117635688,1932
389.44428232498467,9993185936592297127,1959,-2,24.81933856010433,1932
389.4597931718454,737535465233220048,1959,-2,25.01557791233059,1932
389.4731797715649,6032144679278742616,1959,-2,25.24695885181423,1932
389.5041386028752,10154312648225169477,1959,-2,25.469191431999167,1932
389.5200777007267,15242560964155716388,1959,-2,26.157801240682556,1932
389.5351376282051,13383147009769768721,1959,-2,26.377737581729843,1932
389.5501198368147,14147246090689293054,1959,-2,26.596518099307968,1932
389.56491503398865,9566228558009144442,1959,-2,26.812542676925613,1932
389.58016469236463,1062167129812853905,1959,-2,27.035155653953506,1932
389.5951218493283,8090839235447341562,1959,-2,27.472151637077285,1932
389.6101123644039,9399567966762426061,1959,-2,28.146438047289795,1932
389.62541689071804,8241341448330247371,1933,-1,21.782015502452822,1932
389.64132030587643,8526613263021684967,1933,-1,21.99999999999997,1932
389.6571870511398,8526613263021684967,1933,-1,21.99999999999997,1932
389.6762587921694,387600619484480284,1959,-2,29.13465058803553,1932
389.6933638015762,13658684200834567320,1959,-2,29.347442030906624,1932
389.7080050939694,8418342212648367241,1959,-2,30.013400728814243,1932
389.73825795575976,12590468418677225590,1959,-2,30.234296217560708,1932
389.7556797452271,451510115911794156,1959,-2,30.486832797527253,1932
389.7556797452271,7042308318907261621,1959,-2,30.75913095474237,1932
389.77447018399835,17102893468290099118,1959,-2,30.99000984430307,1932
389.804854368791,17656304345811958415,1959,-2,31.199264764785706,1932
389.8214753139764,11454682493852203513,1959,-2,31.439887642860352,1932
389.83607711829245,18151919365137766265,1959,-2,32.096327200531896,1932
389.8527721147984,17073376664990739427,1959,-2,32.3375556468963,1932
389.8686631806195,17604904303529428587,1959,-2,32.567139267921384,1932
389.8845063224435,18335368753710309619,1959,-2,32.79595893621438,1932
389.90037041157484,16885550287912369858,1959,-2,33.02500724792474,1932
389.91631807014346,2099503517973928266,1959,-2,33.25516021251672,1932
389.93209164217114,16444213437154219944,1959,-2,33.48267352581018,1932
389.94836047291756,11954169331173172645,1959,-2,34.16100569069379,1932
389.9646152853966,9843515180889479838,1959,-2,34.39519059658044,1932
389.98312764056027,7569326921321871598,1933,-1,25.69543284177776,1932
390.0009424146265,12861352383517465008,1933,-1,25.95152777433391,1932
390.01599905174226,8277990151025827980,1933,-1,26.167988300323444,1932
390.0308832935989,3162033218791809704,1933,-1,26.381996512412982,1932
390.05161203071475,13685407258064687753,1933,-1,26.68004763126369,1932
390.0684077590704,3213251756980841031,1933,-1,26.9215003252029,1932
390.0886035691947,6059913433299509401,1933,-1,27.211808443069415,1932
390.10394881945103,11487765979135641466,1933,-1,27.432331323623615,1932
393.13417033851147,2465792879763309815,271,-1,0.1831516921520433,238
393.1534536667168,6883081999392466762,271,-1,0.45797374844553085,238
393.1534536667168,12587303607554530857,271,-1,0.7754138112068376,238
393.17572393640876,12587303607554530857,271,-1,0.7754138112068376,238
393.19631568714976,9634738823052513526,271,-1,1.0689748525619707,238
393.21394756250083,17617196045791627618,271,-1,1.3203920125961504,238
393.2326083406806,17144309402415552372,271,-1,1.5865191221237382,238
393.2510039322078,15128768995632824123,271,-1,1.8488930463791093,238
393.27124578878284,3082569954043291014,271,-1,2.137603998184224,238
393.27124578878284,7161548544227495966,271,-1,2.412964344024678,238
393.29055070132017,3539911443156022568,271,-1,2.6706244945526323,238
393.3086134567857,7360758410487387964,271,-1,2.922792434692403,238
393.32628804445267,7360758410487387964,271,-1,2.922792434692403,238
393.34465699084103,10708528327322063419,271,-1,3.1848785877227983,238
393.36259066686034,8818106445410571011,271,-1,3.44080114364626,238
393.37914126738906,8285232119950245234,271,-1,3.677009105682393,238
393.39832765981555,12023204461161476118,271,-1,3.9508769512176714,238
393.41563218832016,1612948457450194464,271,-1,4.197889328002949,238
393.4327746089548,5149221593801006122,271,-1,4.442613124847432,238
393.4498685579747,11106082177970839549,271,-1,4.6866664886474805,238
393.47064032405615,3813459108068144368,271,-1,4.983303546905537,238
393.47064032405615,14929580585107854536,271,-1,5.2463707923889356,238
393.48905998654664,4822112120870861946,271,-1,5.496148586273213,238
393.50654688477516,6503580886961539804,271,-1,5.7458353042602734,238
393.5240249130875,14297977278210230825,271,-1,6.017755985260029,238
393.5430578701198,4580735674670779521,271,-1,6.257174968719502,238
393.55981375835836,4580735674670779521,271,-1,6.257174968719502,238
393.578740041703,7859536930621062887,271,-1,6.527647972106953,238
393.5975121576339,1569739173005965540,271,-1,6.79596996307375,238
393.6153377648443,13842166430834837827,271,-1,7.050817966461201,238
393.6369228679687,3508599068866680370,271,-1,7.359502792358418,238
393.65402089990675,13454136604149241143,271,-1,7.604037761688252,238
393.67166785523295,18033563602497424454,271,-1,7.85649299621584,238
393.67166785523295,57874541692278242,271,-1,8.166402831673627,238
393.69043143838644,57874541692278242,271,-1,8.166402831673627,238
393.71398645080626,8815446327890598518,271,-1,8.503422915935522,238
393.7329385764897,5010414918056904588,271,-1,8.774675071239477,238
393.75073758140206,8726142374130980843,271,-1,9.029478311538702,238
393.75073758140206,10654159629723452644,271,-1,9.342892765998846,238
393.7726274766028,3664854753483833566,271,-1,9.619610905647283,238
393.7919508870691,3664854753483833566,271,-1,9.619610905647283,238
393.81064367853105,2781157853442905131,271,-1,9.887354850769048,238
393.8274782039225,2535227140337975939,271,-1,10.128509283065801,238
393.84625007770956,4056627783904815494,271,-1,10.397453546524053,238
393.86329634301364,11576013149384339324,271,-1,10.641713619232183,238
393.8799636885524,15400711144877958669,317,-1,23.15865898132326,238
393.8981753792614,9808216274091972746,317,-1,23.172733306884783,238
393.91724286414683,10078228057658896942,317,-1,23.187679290771502,238
393.9355996940285,5596607230035849122,317,-1,23.202266693115252,238
393.9541014879942,16160359236742357734,263,-1,16.956091165542592,238
393.971756959334,16023497917105465807,263,-1,16.894410610198964,238
393.971756959334,16023497917105465807,263,-1,16.894410610198964,238
393.99503540992737,4544568630845167788,263,-1,16.813307046890248,238
394.012855283916,16263398899107510411,263,-1,16.751381874084462,238
394.0304604601115,1668715870082734316,271,-1,13.087185382843018,238
394.04969440959394,9111260466046171978,350,1,16.61012070028158,238
394.068283315748,14937960484695970432,350,1,16.692258821409663,238
394.08590045012534,3001823795982731471,350,1,16.77020131198736,238
394.08590045012534,2845874868439625507,350,1,16.862924353760203,238
394.1068308185786,5574013856739379258,316,1,23.361461524963357,238
394.12473807297647,318512817723876742,316,1,23.377257232665993,238
394.1427760273218,4733071372580173778,316,1,23.392502670288064,238
394.16010191850364,4733071372580173778,316,1,23.392502670288064,238
394.17774886637926,4588681280807408079,316,1,23.40809715270994,238
394.19562171399593,16473080925616573647,271,-1,15.457922458648682,238
394.21246467903256,17818939560406439763,271,-1,15.699855327606201,238
394.2315342593938,16580060586292412240,271,-1,15.973822593688965,238
394.2503547202796,11242300201536188946,271,-1,16.244249820709225,238
394.27028401754797,7185226504170551287,271,-1,16.530651092529293,238
394.27028401754797,4479221499678764030,271,-1,16.827360630035397,238
394.290927413851,13280798298590465151,271,-1,17.079961299896237,238
394.3084980305284,14326163602398519216,271,-1,17.32709741592407,238
394.32568716444075,6806973816580663749,271,-1,17.586709976196286,238
394.3437415268272,6806973816580663749,271,-1,17.586709976196286,238
394.36167820729315,10592432257312625201,271,-1,17.844658374786373,238
394.3798808660358,11729030166145313285,271,-1,18.082334056496602,238
394.4015142377466,16031390364598559275,271,-1,18.393369108438474,238
394.4220668692142,12995720211593542530,271,-1,18.68891501426695,238
394.4220668692142,5448729344178527781,271,-1,18.942556202411634,238
394.4397026654333,9324353996385682774,271,-1,19.19162714481352,238
394.4570182748139,18354487248859596247,271,-1,19.44496297836302,238
394.4746281839907,18354487248859596247,271,-1,19.44496297836302,238
394.4945111088455,14210219318903004780,271,-1,19.73103237152098,238
394.5120471417904,6956055054580820948,271,-1,19.983376622199994,238
394.5303612835705,17137764924016110141,271,-1,20.246944665908796,238
394.54772963374853,14562634873300909858,271,-1,20.496938943862897,238
394.56610019877553,15287673367379909322,271,-1,20.761407136917096,238
394.58420370705426,8215389621310136337,271,-1,21.022068262100202,238
394.6017958074808,1497544959774322071,271,-1,21.275389194488508,238
394.61979776248336,2542936440482775501,271,-1,21.534638166427595,238
394.63882536813617,14275678125077670119,271,-1,21.80869793891905,238
394.63882536813617,165130826854099402,271,-1,22.082704544067365,238
394.65784515812993,165130826854099402,271,-1,22.082704544067365,238
394.6804929655045,14028780559240803424,271,-1,22.409015178680402,238
394.6998944953084,3712629454240622164,271,-1,22.68859910964964,238
394.717296609655,13771101541831993721,271,-1,22.939409255981428,238
394.717296609655,371557816696477165,271,-1,23.25445079803465,238
394.73915205709636,371557816696477165,271,-1,23.25445079803465,238
394.7628758698702,9133629106577588528,271,-1,23.596472263336164,238
394.78182675875723,8148663983501807874,271,-1,23.86973047256468,238
394.8017531055957,13678873800820660840,271,-1,24.157172679901105,238
394.8197058700025,10526297055277016319,271,-1,24.41623926162718,238
394.83745500817895,3397554179360954908,271,-1,24.672460079193097,238
394.83745500817895,16761939669656892017,271,-1,24.9562096595764,238
394.85710669495165,13999900964327972855,271,-1,25.21378803253172,238
394.8749425765127,13999900964327972855,271,-1,25.21378803253172,238
394.89496407844126,6307169518223567197,271,-1,25.503016948699933,238
394.915003195405,12747652829904740035,271,-1,25.792557239532453,238
394.9325023088604,17884112953048802041,271,-1,26.045443534851056,238
394.9495773855597,13738087414159730164,271,-1,26.292277336120588,238
401.24658348131925,7597348151948908039,874,3,38.79145889103413,861
401.2626525545493,15799132684835264683,874,3,38.544753433465964,861
401.2782593779266,17104195210750660421,874,3,38.07414212942124,861
401.2932935068384,17104195210750660421,874,3,38.07414212942124,861
401.3131593288854,3823724018461168791,874,3,37.76894411563874,861
401.33015154954046,10724266483456731052,874,3,37.50787243366242,861
401.34474439453334,15863951653472206138,874,3,37.05276569843293,861
401.3597722975537,15892671854491227997,874,3,36.81529852867127,861
401.37522814329714,11954995499179357847,874,3,36.54083129882813,861
401.3930924301967,1902600512307556984,874,3,36.333132953643805,861
401.40661070495844,3805528467460413863,874,3,36.08315512657166,861
401.43815733864903,9166383668190735335,874,3,35.84846922874451,861
401.4541343394667,18030932463724238291,874,3,35.60303446769715,861
401.4702349435538,17088565326342845572,874,3,35.355716199874884,861
401.48644825816154,18348821493789169587,874,3,35.10663291931153,861
401.5048748124391,17961668039916586615,874,3,34.82348749160767,861
401.5209738314152,6260366137127720035,874,3,34.5760643196106,861
401.5209738314152,11222109570613132457,874,3,34.289426536560065,861
401.55533484742045,2851991020215232787,874,3,34.04787656784058,861
401.5725004002452,17230194727572863339,874,3,33.78396102905274,861
401.58740584831685,14146376065888269043,874,3,33.55479881286622,861
401.6033338000998,1172583074887459236,874,3,33.30992004394532,861
401.61904258746654,15643818208286256654,874,3,33.068410129547125,861
401.63505485560745,8778854833322691347,874,3,32.82221862792969,861
401.650646709837,6569721425159311628,874,3,32.58247634887696,861
401.6664795288816,16676727391345892881,874,3,32.339005203247076,861
401.6809433978051,17518797463451906260,874,3,32.11656877517701,861
401.697046039626,251844748197998595,874,3,31.868913383483896,861
401.71151047199965,1030397778591959273,874,3,31.410014839172373,861
401.7268789606169,9141836688100882653,874,3,31.164368362426767,861
401.7428457206115,7567696056655390624,874,3,30.94444725036622,861
401.7571382280439,8153026662936913292,874,3,30.699928970336924,861
401.7885988717899,7849274458533709911,874,3,30.460187644958506,861
401.80498932581395,4394853820569693674,874,3,30.207801551818857,861
401.8211770663038,325382986816574577,874,3,29.958476753234873,861
401.8371253730729,13090203675025407946,874,3,29.712786407470713,861
401.8527202801779,12082433823059750796,874,3,29.472490043640146,861
401.86878357362,7739457978118121147,874,3,29.22493049621583,861
401.88439586758614,15639949878826536909,874,3,28.98427650451661,861
401.9004627428949,14777400198262850006,874,3,28.73657485961915,861
401.91594847664237,7048128136592431848,874,3,28.497786254882822,861
401.93195513635874,14077095598007461869,874,3,28.25092575073243,861
401.9476648885757,15709962853286698457,874,3,28.008599967956552,861
401.9636744633317,6788641417597522226,874,3,27.76160976409913,861
401.9788182955235,914221829462389589,874,3,27.527941436767588,861
401.99483287520707,10700352158971989342,874,3,27.280802459716806,861
402.0139773171395,914029644347671271,874,3,26.98532459259034,861
402.03009034506977,10252943347819974594,874,3,26.736627311706552,861
402.04575939290226,18028857180779566279,874,3,26.494768829345713,861
402.06358818151057,3395573934195348880,874,3,26.219544143676767,861
402.081574620679,10250104142268216522,874,3,25.941803665161142,861
402.09750052914023,12766117272736098998,874,3,25.69583770751954,861
402.11197799257934,14143789283479775,874,3,25.23817226409913,861
402.127126486972,11658713718914481213,874,3,25.013279647827158,861
402.14167770557106,5808016165503942750,874,3,24.73974868774415,861
402.1593701019883,16342082343972471425,874,3,24.504881591796885,861
402.17455663718283,11518918396298453566,874,3,24.243513793945322,861
402.1914518214762,9013301089355609500,874,3,24.016231269836435,861
402.2225738642737,9092658594128639930,874,3,23.761790962219248,861
402.23859590571374,3210175398616914526,874,3,23.513676376342783,861
402.2540037976578,4341017139441017985,874,3,23.275028915405283,861
402.27125673461705,15690899004795951875,874,3,23.007792205810556,861
402.28731002192944,5795970210806687479,874,3,22.759094924926767,861
402.3025259738788,14980629426637805086,874,3,22.523329467773447,861
402.31972507108003,9621381614746080886,874,3,22.25683280944825,861
402.33664131257683,6052478095859925710,874,3,21.99473258972169,861
402.3518671942875,6103726995372980465,874,3,21.758806915283213,861
402.36807372327894,7288823093686698213,874,3,21.507673950195322,861
402.38334969896823,12048937246514897932,874,3,21.2709376525879,861
402.39953190181404,1157693406307321659,874,3,21.020134658813486,861
402.41409504041076,12543821027832734915,874,3,20.79440185546876,861
402.4302580896765,16677395395508804791,874,3,20.54384490966798,861
402.4451842010021,4467285556202324647,874,3,20.084154815673838,861
402.45990785583854,9978735203590766291,874,3,19.842312545776377,861
402.4755041366443,13271372950726901839,874,3,19.604647369384775,861
402.49082924518734,10596421611722115613,874,3,19.343666763305674,861
402.50765607040375,93350425399823303,874,3,19.056633682250986,861
402.5261614276096,11592932419569055976,874,3,18.788609237670908,861
402.5434412052855,8401573787943551170,874,3,18.565542907714853,861
402.557822085917,8865736427445558510,874,3,18.328545303344736,861
402.58821422979236,18268840856544465800,874,3,18.09407684326173,861
402.6035221423954,12660855493524616570,874,3,17.856585235595713,861
402.6193989627063,13420217252557314155,874,3,17.61023971557618,861
402.6373468860984,7061517995094062072,874,3,17.33173629760743,861
402.6524805352092,5185366592767090154,874,3,17.09688636779786,861
402.6687219366431,13614162293602725703,874,3,16.844847412109385,861
402.68424166738987,11367584362751115123,874,3,16.60399887084962,861
402.6995899891481,17330772785817141773,874,3,16.36579963684083,861
402.7159242676571,18307772806984766574,874,3,16.11228057861329,861
402.73181593511254,8409724075756347567,874,3,15.865608901977547,861
402.7477205665782,4959995433577234478,874,3,15.618712158203133,861
402.76223803218454,8676032903221339495,874,3,15.157644958496101,861
402.7774174576625,5129475385522020755,874,3,14.916252822875984,861
402.79296258371323,2949740099651339023,874,3,14.678736419677742,861
402.8082564426586,1198201808301253466,874,3,14.452561111450203,861
402.8373254025355,1011437250472244561,874,3,14.227249832153328,861
402.8521883720532,5025848284137711742,874,3,13.996346206665047,861
402.86854376923293,1853428365325605339,874,3,13.742214889526375,861
402.88258615043014,12229782484220121924,874,3,13.52399703979493,861
402.89782231207937,2163243042093784374,874,3,13.287192077636726,861
402.9124992918223,5313766747341600682,874,3,12.834107131958016,861
402.92696785274893,13400824436750439668,874,3,12.596695632934578,861
402.94223611522466,18238333211118455295,874,3,12.36418029785157,861
402.9723695963621,15606957300148662089,874,3,12.128012390136726,861
402.9886408559978,17989035029193907962,874,3,11.874867172241219,861
403.0043639522046,5510116618088127241,874,3,11.630190582275398,861
403.02020561881363,11156054827457098712,874,3,11.383606643676766,861
403.0357442460954,10056946276241422372,1018,1,9.711550369262676,861
403.05094357952476,10056946276241422372,1018,1,9.71326126098631,861
403.0659850034863,8097753750907020916,934,-1,14.38559010624885,861
403.07964980416,15439444564581519466,934,-1,14.36514782905578,861
403.09486330486834,2512293360899242308,874,3,9.999195785522469,861
403.12253004312515,2510965067060118040,874,3,9.789589614868172,861
403.1381132565439,2770779382993770435,974,-1,9.36454021930695,861
403.15519224852324,2466112921646292954,974,-1,9.237989082932476,861
403.16951273567975,6819094934878592796,974,-1,9.131866991519932,861
403.1851820666343,6009292977993656493,974,-1,9.015731064602736,861
403.20082687214017,17445258320633209378,990,-1,9.448911100625995,861
403.21600283682346,8575011787711548585,990,-1,9.382185906171802,861
403.23059713374823,6428133801921529152,990,-1,9.31801134347916,861
403.24575924593955,14429850069022761943,990,-1,9.25131338834763,861
403.2631176067516,17423479787199429230,1017,-1,9.73436164855959,861
403.2773222653195,4124559461849900865,1017,-1,9.735755920410176,861
403.2934465156868,10537627390512119384,874,3,6.877047271728523,861
403.3092970708385,15355063580573821505,874,3,6.6464144897461015,861
403.3240767158568,4509745999328711907,874,3,6.3953158569336015,861
403.3401658460498,3722140864214492032,874,3,6.14140197753907,861
403.37135367747396,6305407319883154901,874,3,5.908488006591805,861
403.3868052158505,14183939229657195620,874,3,5.6672579956054765,861
403.40234184265137,4305424491712536499,874,3,5.42466613769532,861
403.4206723347306,1598813714921216943,874,3,5.13841125488282,861
403.43571996316314,11775605166883633991,874,3,4.903395385742195,861
403.4506158065051,6795521286012363314,874,3,4.67072555541993,861
403.4658262040466,17551574764790078821,874,3,4.433108062744148,861
403.48159118555486,6186576048408189359,874,3,4.186800689697273,861
403.49576194398105,11133528925919578205,874,3,3.7437617492675863,861
403.5099432943389,8062280150703087288,874,3,3.489199371337899,861
403.5262308334932,17903128223901965529,874,3,3.2759883117675863,861
403.55504832137376,76091132676379689,874,3,3.038786621093758,861
403.568507947959,1052162845450970270,874,3,2.8284442138671957,861
403.5839937059209,17408946564161477585,874,3,2.5864436340332113,861
403.59940400812775,10978996014629500673,874,3,2.345610351562508,861
403.6167355431244,14324677791278467744,874,3,2.0747248840332113,861
403.63548314664513,16208727312723944533,874,3,1.7816760253906332,861
403.6497358335182,17670791511429060634,874,3,1.5588633728027426,861
403.666702372022,11281834610965317220,874,3,1.29358932495118,861
403.6810368327424,1665834736403048908,874,3,1.0694567871093832,861
403.6949966819957,12759977538196136290,874,3,0.6186968994140707,861
403.7098623821512,14228069107652845775,925,-1,16.725343585014333,861
403.724352796562,8040221020530969742,925,-1,16.974321722984303,861
410.84448543936014,11968585532834060800,817,1,20.139778126466073,730
410.8725253455341,3645198542788334691,817,1,19.895821888434686,730
410.88617659080774,213567320918832617,817,1,19.676003177153863,730
410.8983621504158,2428588679117747456,817,1,19.47979493855218,730
410.91099468804896,9475222538419608172,817,1,19.070923287856377,730
410.9388808654621,18176633777049934966,817,1,18.827478606688775,730
410.95131951663643,11388058664281469837,817,1,18.627219398009576,730
410.96363864373416,8278139296102930373,817,1,18.247793991553582,730
410.9748849729076,16943033488781224118,817,1,18.001900513160027,730
411.00358776189387,14235740225893725102,817,1,17.785613615500726,730
411.01688306219876,9130496353305044646,817,1,17.571515877234734,730
411.0296379812062,8342831446283570326,817,1,17.14090116738061,730
411.0559039050713,2753847022670105517,817,1,16.942800838935174,730
411.0690411673859,2722506444241410016,817,1,16.73101480721215,730
411.0807701488957,15394288238112980141,742,3,21.926299591064417,730
411.09356727078557,17257354991798834808,742,3,21.715971012115443,730
411.12082049716264,15975657982988366891,742,3,21.48667623519894,730
411.13309657387435,6873193997973831040,742,3,21.288614768981898,730
411.14512833207846,15107300045171973468,742,3,20.907353420257532,730
411.1711976220831,12063652191917363093,742,3,20.673771400451624,730
411.1829438302666,17630758598637362599,742,3,20.48420812606808,730
411.1967995809391,1001655306024677655,742,3,20.05100919723507,730
411.2097829990089,12704361614006196272,742,3,19.84318258285519,730
411.23540560156107,3060052737841313343,742,3,19.63740064620968,730
411.2478445805609,17062667179624397967,742,3,19.240362663269007,730
411.2720836624503,950951477913202409,742,3,19.045291919708216,730
411.28495284728706,8312920224189076947,742,3,18.83752490997311,730
411.2968375524506,6838365523979232103,742,3,18.433072586059534,730
411.322707939893,10748539173433809698,742,3,18.227931041717493,730
411.33546868432313,2277280913701996233,742,3,18.021889705657923,730
411.34836153965443,9201842913052746675,742,3,17.8136973571777,730
411.36358555126935,15815791567201092041,742,3,17.362767715454066,730
411.3885484719649,6006958564066665961,742,3,17.16472103118893,730
411.4018930029124,10484493177436351729,742,3,16.94921924591061,730
411.4139142809436,2844565780041478021,742,3,16.544809837341273,730
411.43927219789475,4044997523762383612,742,3,16.34551193237301,730
411.4524284116924,7522408308816463716,742,3,16.133016128540003,730
411.46448938176036,16826196358244066054,742,3,15.938188095092736,730
411.47863771766424,18058894777643959843,742,3,15.496579666137658,730
411.5056785745546,6007399806508437636,742,3,15.272806663513146,730
411.5217646630481,13719283079056575158,742,3,15.012934226989708,730
411.5363350873813,11776629044159718596,742,3,14.777535934448204,730
411.55130934063345,14201911106446402456,742,3,14.535605926513634,730
411.5640486991033,313683396717378465,742,3,14.137738723754845,730
411.58892805315554,3234813501302772363,742,3,13.927758712768517,730
411.6027029613033,7086869762222544766,776,-1,16.998794317245473,730
411.6142959045246,7605527336308869575,742,3,13.3095355224609,730
411.63941672910005,15295330904769117825,742,3,13.111868400573693,730
411.6521064452827,909428670696871925,742,3,12.90678550720211,730
411.66587637364864,2102677010890800626,742,3,12.508977432250939,730
411.67671851534396,14596084591885136692,742,3,12.295074958801232,730
411.7027139151469,2735607054638868714,809,-1,9.257559299468998,730
411.71504226513207,13357498010600492606,742,3,11.889517326354943,730
411.7281174790114,17149856982949860306,742,3,11.480246086120568,730
411.75486831739545,6857466896510849856,742,3,11.245670814514122,730
411.768155827187,1993508564392258520,853,-1,9.631964683532734,730
411.7799518192187,10300455167197469938,742,3,10.624724884033165,730
411.7932737832889,8670260427512869428,742,3,10.410027046203576,730
411.8220040081069,17449748029129853620,742,3,10.16015865325924,730
411.8351507401094,14629601909758047012,742,3,9.947566528320275,730
411.84833969175816,16118702871030715348,742,3,9.734288711547814,730
411.86176912579685,15259668484067249235,742,3,9.331546325683556,730
411.8872859561816,843492554856322506,742,3,9.104428787231408,730
411.8982332376763,2223921805150092270,742,3,8.717326660156212,730
411.91122060921043,9217405257961306716,742,3,8.517182846069298,730
411.93703849054873,18299727653107294073,742,3,8.29972221374508,730
411.94943205360323,8511289592676386703,742,3,8.09924270629879,730
411.96164349187165,11154524876666969083,742,3,7.686900634765587,730
411.9868728509173,2161274816500815132,742,3,7.4935794067382435,730
412.00048978067935,5625971820296697913,742,3,7.2732939910888295,730
412.0126540893689,2129249197628345207,742,3,6.882695693969689,730
412.03685492742807,8157410201115963948,742,3,6.684960861206017,730
412.049192530103,16537294142898016161,742,3,6.485349197387658,730
412.0615042941645,17362366360703386572,742,3,6.089286346435509,730
412.0890788799152,15399730146259414898,742,3,5.839993972778283,730
412.1032875739038,15240924253627080072,742,3,5.6100955200194935,730
412.117441133596,18436879183074592515,742,3,5.381064910888634,730
412.13096814602613,8635437813899858935,742,3,4.97747756958004,730
412.1555207679048,5434128061828051735,742,3,4.7648501586913685,730
412.1705451179296,12747953512384597724,742,3,4.521720428466759,730
412.1829006476328,4657597661546708827,742,3,4.321757812499962,730
412.19461948703974,16456643090223316075,742,3,3.915788192748986,730
412.22073794715106,16519854818914177581,742,3,3.7093730163573846,730
412.23698463849723,15033514680390869749,742,3,3.4464011383056268,730
412.2503005415201,14953869591572749438,783,-1,16.81611782312392,730
412.2620574813336,12371064119181497841,783,-1,17.358714103698716,730
412.2889845594764,6770420161069586300,783,-1,17.58228844404219,730
412.3015238614753,7086593307288525441,783,-1,17.78520387411116,730
412.3132013352588,11078291924579307447,742,3,1.8520066183805706,730
412.3256852356717,13508193939187978742,742,3,1.6259207618236782,730
412.3541986644268,12305031111556378752,742,3,1.3906814646721126,730
412.3674916755408,9364085298680309667,742,3,1.1756056141853573,730
412.3806461142376,11754324423271442608,742,3,0.7786572170257808,730
412.4049472948536,9070310118601142955,742,3,0.5695412349701168,730
412.4186435919255,16251579300697716146,742,3,0.3478998136520626,730
418.6511410661042,9900830223492345608,667,3,32.647936898469915,655
418.6661420352757,12495575570584318689,667,3,32.41879888176917,655
418.6802460132167,14197197457343923965,667,3,32.20331315994262,655
418.69552191440016,18318312272036688456,667,3,31.75313954353332,655
418.7096997862682,7734800364920759630,667,3,31.532805728912347,655
418.7393654603511,11794037964889625358,667,3,31.299500393867486,655
418.7537081781775,11196101448395262317,667,3,31.080093431472772,655
418.76901893597096,16363336137718298413,667,3,30.845816183090204,655
418.7853023679927,15656956228673306408,667,3,30.59658699035644,655
418.8006408615038,112605825224871723,667,3,30.36175541877746,655
418.8149215634912,5058684845705068526,667,3,30.14306383132934,655
418.82930323760957,16541635022814518930,667,3,29.69665484428405,655
418.84406121633947,3715902992851367152,667,3,29.472650098800653,655
418.8586776126176,8115685822539710355,667,3,29.23801021575927,655
418.8883057748899,1361044126769161654,667,3,29.018405008316034,655
418.902990212664,17887878248271788279,667,3,28.79318313598632,655
418.9176097838208,2111970471880917461,667,3,28.568899917602533,655
418.93143757246435,15699588101290263350,667,3,28.356711673736566,655
418.94660886656493,8197725848767367484,667,3,27.904030132293695,655
418.9609264181927,16082934065659500442,667,3,27.677839565277093,655
418.9756555398926,5730582718917836391,667,3,27.438023853301996,655
418.99126768950373,1827461945880808755,667,3,27.185011672973626,655
419.0077343052253,9772568328545591069,667,3,26.94530706405639,655
419.03748516831547,5389595650086578112,667,3,26.727710056304925,655
419.0545336762443,1235362563209532145,667,3,26.465550231933587,655
419.0708161359653,12548134430232203308,667,3,26.215100097656244,655
419.08550910372287,14215374164750773957,667,3,25.98904304504394,655
419.1033701999113,3004363250995237998,667,3,25.714162158966058,655
419.1183371292427,4240335276329610998,667,3,25.48376159667968,655
419.1343160169199,12657425927389931803,667,3,25.23771839141845,655
419.1494733253494,3484220617412862666,667,3,25.00426702499389,655
419.16468975134194,13367322099855195501,667,3,24.769844818115228,655
419.17951828986406,2258316523068630158,667,3,24.320403861999505,655
419.19385223276913,17407295085967187156,667,3,24.10128097534179,655
419.22259550821036,15019036044034454322,667,3,23.87721042633056,655
419.23898548912257,4094466473311735976,667,3,23.624394226074212,655
419.25489826966077,11527079778714742157,667,3,23.378873634338373,655
419.26978659722954,13000105482820874901,667,3,23.149100112915033,655
419.28390922863036,12478106257408539697,667,3,22.93109397888183,655
419.29933642875403,12625898905904066075,667,3,22.692889022827142,655
419.3170191058889,12720124986781451573,667,3,22.419779586791986,655
419.33435522485524,11862018366044041101,667,3,22.151944923400873,655
419.34907700214535,2115443960169927829,667,3,21.924443054199212,655
419.3637571008876,4554110683041018242,667,3,21.697529602050775,655
419.3777682520449,16462736534141518467,667,3,21.238497543334955,655
419.3934432044625,16146770658842215910,667,3,21.019781875610345,655
419.42165567260236,17228900247430499522,667,3,20.802042770385736,655
419.43732159305364,11711213379596412647,667,3,20.559598731994623,655
419.4531402150169,5165206806448620098,667,3,20.314727592468255,655
419.4686111016199,6355003723392835924,667,3,20.075176048278802,655
419.4843411995098,13417752671787035114,667,3,19.83155040740966,655
419.4997263280675,5650726619566491102,667,3,19.593204307556146,655
419.51325416658074,16640994797473640820,667,3,19.38358192443847,655
419.52809884306043,3674773734184444126,667,3,18.930752563476556,655
419.54246702231467,14284381692001165622,667,3,18.717302131652826,655
419.57177080679685,17011150681043678474,667,3,18.476289558410638,655
419.5863223383203,2048801198640200009,667,3,18.25052814483642,655
419.60075947642326,3879498238967712687,703,-1,19.387697011232355,655
419.61557160690427,12026860598097438608,703,-1,19.281804412603357,655
419.6296534612775,157445561634708923,703,-1,19.181082874536493,655
419.6448158994317,12308060879531853882,703,-1,18.999999999999982,655
419.66098660230637,5013715935779248569,703,-1,18.921758472919446,655
419.6766495462507,8638443074315329453,703,-1,18.799269795417768,655
419.69202933553606,5060947290909950823,667,3,16.371344375610345,655
419.70730262901634,6895555772030026781,667,3,16.125492858886712,655
419.7385271601379,655960740324955160,713,-1,10.248169392347338,655
419.75572545081377,16064456094474918933,713,-1,10.109470695257189,655
419.7704804139212,17148086006306422271,713,-1,10.000000000000004,655
419.78710000868887,17257441900657481890,713,-1,9.955577194690708,655
419.8035984681919,14083315179719217102,713,-1,9.835315823554996,655
419.8185821855441,4065265901336089509,713,-1,9.726102769374851,655
419.83356842026114,12285676726137808523,713,-1,9.616844475269321,655
419.8478772751987,8444514142626993259,667,3,14.18268280029296,655
419.8621976878494,13709954585187375664,667,3,13.739788818359367,655
419.8762809596956,9816723054365078321,667,3,13.508116531372062,655
419.90530380420387,17616075850166559130,667,3,13.287003326416007,655
419.9205947993323,4133539347734315726,667,3,13.048353958129875,655
419.9354922445491,10066564505588188783,667,3,12.815783309936515,655
419.9504577880725,16985399053284145857,667,3,12.582085418701164,655
419.9658716255799,4789099211826491029,667,3,12.34132652282714,655
419.9811749244109,522735306861601417,667,3,12.102228927612297,655
419.99607691913843,17937173274840230267,667,3,11.869335937499992,655
420.01171335205436,7951427191688414663,667,3,11.411820220947257,655
420.0253401650116,7455705734341423220,667,3,11.184412765502922,655
420.05440148338675,14203606239041449107,667,3,10.95723228454589,655
420.0695983003825,8297090547820429415,667,3,10.719424057006828,655
420.0839214809239,5675049392176189136,667,3,10.495228576660148,655
420.09796285256743,8219385270105523210,667,3,10.275391387939445,655
420.1123103648424,18371145694780679708,667,3,9.813467788696281,655
420.1274549085647,8521023245873576382,667,3,9.561425018310539,655
420.1435402929783,8521023245873576382,667,3,9.561425018310539,655
420.1603291518986,5151194795582228813,667,3,9.052967834472648,655
420.1759763881564,8244744416318001712,667,3,8.832308578491203,655
420.205148990266,9328547019675020692,667,3,8.595425415039054,655
420.2217422006652,9023903783589897217,667,3,8.335068511962882,655
420.2217422006652,17327150046795337045,667,3,8.053316879272453,655
420.25446884986013,6663698334151079858,667,3,7.821352767944328,655
420.27060865890235,14298272510642453627,667,3,7.567894744873039,655
420.28603241499513,1367368194477869443,667,3,7.325619506835929,655
420.30096154939383,2354548108684716036,667,3,7.0910499572753825,655
420.31510816141963,9305740643129087854,667,3,6.868719863891593,655
420.32926452346146,16303211493898634472,667,3,6.425368118286125,655
420.3433079086244,3836195294291118809,667,3,6.199282455444328,655
420.3725208705291,8430176636437909799,667,3,5.965857315063468,655
420.38619238324463,775891765545099767,667,3,5.750735092163078,655
420.40037018060684,13468384649631711585,667,3,5.5275829315185465,655
420.4149497067556,382397053346039358,667,3,5.298056411743156,655
420.4293753169477,7360380499274092492,667,3,4.846459197998039,655
420.4436244778335,3210784579289791989,667,3,4.586619186401359,655
420.46011678129435,9585478737401719430,667,3,4.363112258911125,655
420.48951416648924,16431007744899511321,667,3,4.123282241821281,655
420.5040596378967,12824685374884905476,667,3,3.893936920166008,655
420.5192368766293,9622272234868077495,667,3,3.654578018188469,655
420.53387099597603,17980696118765885858,667,3,3.423722076416008,655
420.5485161440447,7085405935945721313,667,3,3.192633438110344,655
420.5625052647665,17987452800023589423,667,3,2.746098327636711,655
420.5768051678315,8133409007673671166,667,3,2.5231311798095626,655
420.6051600975916,7382583858010962551,667,3,2.2983081817626876,655
420.6206677593291,6780518778498359226,667,3,2.0533111572265548,655
420.6361304130405,13252352818733193518,667,3,1.8089664459228438,655
420.6522848457098,13980248771188545211,667,3,1.5536220550537032,655
420.6694550346583,4549997069997518721,667,3,1.282139587402336,655
420.6843058085069,7006275331846699357,667,3,1.0472705841064376,655
420.6987829590216,15224935711870648736,667,3,0.8182590484619063,655
420.71560399327427,8853456510062776860,667,3,0.5520904541015548,655
420.73084078822285,3579686995169758524,667,3,0.3109329223632735,655
423.8806993011385,14260680087337536570,588,3,25.656777593791457,576
423.8943974720314,7363626842152515938,588,3,25.428747962713214,576
423.92152222711593,6378652044350871535,588,3,25.20805929183957,576
423.93738868366927,1701304719864981558,588,3,24.94553695201871,576
423.9501584293321,9200804056400209682,588,3,24.734226803779574,576
423.9655719762668,6964230167075678452,588,3,24.47914383888242,576
423.9798850817606,10558928707301575081,588,3,24.028188567161532,576
424.00633781403303,1007502241612772251,588,3,23.804347615241976,576
424.02083937451243,17988757455074834993,588,3,23.564259510040255,576
424.0349659277126,14958176162456353881,588,3,23.330360393524142,576
424.050147453323,16520492466821610211,588,3,23.078977565765353,576
424.0634973626584,1777356121534071580,588,3,22.857905845642062,576
424.07876721490175,8723555884197422081,588,3,22.372867565155,576
424.09278550278395,16956332913668690968,588,3,22.145026903152438,576
424.1203535236418,11663340916602185243,588,3,21.916300516128512,576
424.13388704508543,5646933490541704754,588,3,21.69216106414792,576
424.1481155063957,5205740205098415209,588,3,21.247299175262423,576
424.1607490889728,3546795278504531879,588,3,21.005476932525607,576
424.18874008674175,7938354474170365886,588,3,20.783824901580783,576
424.2030474906787,5529008356003553687,588,3,20.546976547241183,576
424.216786948964,16953843497436325286,588,3,20.31959436416623,576
424.2298038229346,18318360885067989854,588,3,20.104247550964327,576
424.24638637155294,17909680658425207605,588,3,19.83009002685544,576
424.2632527090609,14680389118701850350,588,3,19.344432811737033,576
424.27578246127814,13816922102718901982,588,3,19.11224792480466,576
424.3035641722381,9664487167747108378,588,3,18.88606451034543,576
424.31783444061875,947763895655140312,588,3,18.650988082885714,576
424.3318238053471,14672279669614113539,588,3,18.42080209732053,576
424.34578394610435,12459853178566786492,588,3,17.981310348510714,576
424.37215672805905,18311803869002672497,588,3,17.758707504272433,576
424.3848535697907,15490281241033594341,588,3,17.55083606719968,576
424.39876695908606,1544469360954382524,588,3,17.323374252319308,576
424.4126332551241,13304157181607951679,588,3,16.87601802825925,576
424.42619149945676,13604279402092911759,588,3,16.61343143463132,576
424.4423365164548,882168020411252762,588,3,16.3434223937988,576
424.45897584594786,5499693381008885208,588,3,16.10870025634763,576
424.4870460135862,14710396699072788134,588,3,15.88925407409665,576
424.50018614996225,4960168087656847080,588,3,15.67720745086667,576
424.5161582166329,2487651987843854758,588,3,15.227645378112763,576
424.52813354413956,13510592159405485097,588,3,14.995861511230439,576
424.5425891885534,5170233425847750318,588,3,14.746286849975556,576
424.5723761646077,6735627687082759121,588,3,14.519860725402802,576
424.58633841760457,15101409798419924932,588,3,14.297485809326142,576
424.5990943983197,7251303886774743923,588,3,14.094733695983857,576
424.61203675251454,2977401183295482229,588,3,13.68250129699704,576
424.6387924561277,3699684245066812570,588,3,13.466284255981416,576
424.65233704354614,5066118582105893458,588,3,13.25273941040036,576
424.6662256978452,13878407216238251640,588,3,13.034247856140107,576
424.679035814479,3064833766784994316,588,3,12.629472236633271,576
424.70640889182687,17646520986605900993,588,3,12.40470645904538,576
424.71891777031124,17576946122762750579,588,3,12.209537010192841,576
424.73319196514785,4491553021417738502,588,3,11.987284164428681,576
424.74643844924867,3555242329551480567,588,3,11.572408180236787,576
424.75992193445563,17702520476794539968,588,3,11.363867263793916,576
424.7867902200669,17772753289551520148,588,3,11.157129745483369,576
424.8017475390807,14266381993258305631,588,3,10.926706771850556,576
424.8153448244557,6243594291786937224,588,3,10.717700462341279,576
424.82926534023136,522571477877026905,588,3,10.5041832733154,576
424.84629679005593,398946131034546114,588,3,10.243618469238251,576
424.862290433608,1400906707015060167,588,3,9.999550323486298,576
424.8790345368907,11149876014464544147,588,3,9.522512893676728,576
424.89366638381034,3033812282709533026,588,3,9.31714485168454,576
424.9202750772238,12045085225043008955,588,3,9.119724731445283,576
424.9331781398505,6848373197679017779,588,3,8.925016860961884,576
424.9467071099207,10641355262739811934,588,3,8.528416137695283,576
424.95954126957804,5051685183343455018,588,3,8.315063934326142,576
424.98753673024476,4035461866060133609,588,3,8.109047393798798,576
425.00049053598195,6436697155616622849,588,3,7.9156155395507515,576
425.01424921955913,16932344636274683529,588,3,7.513615112304658,576
425.0274978457019,16728128930215347282,588,3,7.3186402130126655,576
425.05419154372066,5948529997485228203,588,3,7.117960433959931,576
425.06805889029056,8980896274303630458,588,3,6.913080673217744,576
425.08094259817153,12886247863628115493,588,3,6.723167877197236,576
425.0957287605852,14111219509415354459,588,3,6.306936721801728,576
425.1225320221856,12987845391713702268,588,3,6.112654190063447,576
425.1363874943927,11969069036479215494,588,3,5.909567337036103,576
425.1495621362701,9847479764759580926,588,3,5.716459732055634,576
425.16320067457855,16816667941540022158,588,3,5.335915069580048,576
425.188326921314,6573087515805309862,588,3,5.148310165405244,576
425.20298932958394,13200568134634592558,588,3,4.933433990478486,576
425.2164926202968,1247977568277429919,588,3,4.735575180053681,576
425.22943310346454,144266263918354629,588,3,4.352684478759736,576
425.2565715564415,3616282076219835626,588,3,4.155256729125947,576
425.26970765087754,13936037856118307706,588,3,3.967251281738252,576
425.2831731569022,8896972883679712266,588,3,3.775528411865205,576
425.29574093036354,13081036917209462314,588,3,3.399012069702119,576
425.3098182315007,3059354908669555789,588,3,3.2095951843261425,576
425.3366109961644,6081058077285212631,588,3,3.0240292358398144,576
425.34882711898535,10183044264186444509,588,3,2.8541493225097363,576
425.3627800596878,15246929771675383837,588,3,2.490618209838838,576
425.3893315270543,12760773596853834456,588,3,2.295629959106416,576
425.4034986710176,2222070031887137767,588,3,2.101892929077119,576
425.41724243573844,3673276832794949127,588,3,1.9146599578857129,576
425.43002558499575,16356841091565309510,588,3,1.5656838226318066,576
425.44299533125013,11239316167826693323,588,3,1.3822941589355175,576
425.47043302841485,16187843385490474276,588,3,1.1967186737060254,576
425.4843508191407,17504428826533470133,588,3,1.0106510925292675,576
425.497426757589,13745496268578186668,588,3,0.666449050903291,576
425.5102367186919,3897469402940940740,588,3,0.4673695373534863,576
425.5386454416439,9516009954310274343,588,3,0.2914852905273144,576
425.551394845359,7986117507691568463,588,3,0.12411926269528317,576
